is_violin,is_voice,is_mrindangam
0.0,0.0,0.0
0.0,0.0,0.0
0.0,0.0,0.0
0.0,0.0,0.0
0.0,0.0,0.0
0.0,0.0,0.0
0.0,0.0,0.0
0.0,0.0,0.0
0.0,0.0,0.0
0.0,0.0,0.0
0.0,0.0,0.0
0.0,0.0,0.0
0.0,0.0,0.0
0.0,0.0,0.0
0.0,0.0,0.0
0.0,0.0,0.0
0.0,0.0,0.0
0.0,0.0,0.0
0.0,0.0,0.0
0.0,0.0,0.0
0.0,0.0,0.0
0.0,0.0,0.0
0.0,0.0,0.0
0.0,0.0,0.0
0.0,0.0,0.0
0.0,1.0,0.0
0.0,1.0,0.0
0.0,1.0,0.0
0.0,1.0,0.0
0.0,1.0,0.0
0.0,1.0,0.0
0.0,1.0,0.0
0.0,1.0,0.0
0.0,1.0,0.0
0.0,1.0,0.0
0.0,1.0,0.0
0.0,1.0,0.0
0.0,1.0,0.0
0.0,1.0,0.0
0.0,1.0,0.0
0.0,1.0,0.0
0.0,1.0,0.0
0.0,1.0,0.0
0.0,1.0,0.0
0.0,1.0,0.0
0.0,1.0,0.0
0.0,1.0,0.0
0.0,1.0,0.0
0.0,1.0,0.0
0.0,1.0,0.0
0.0,1.0,0.0
0.0,1.0,0.0
0.0,0.0,0.0
0.0,0.0,0.0
0.0,0.0,0.0
0.0,0.0,0.0
0.0,0.0,0.0
0.0,0.0,0.0
0.0,0.0,0.0
0.0,0.0,0.0
0.0,0.0,0.0
0.0,0.0,0.0
0.0,0.0,0.0
0.0,0.0,0.0
0.0,0.0,0.0
0.0,0.0,0.0
0.0,0.0,0.0
0.0,0.0,0.0
0.0,0.0,0.0
0.0,0.0,0.0
0.0,0.0,0.0
0.0,0.0,0.0
0.0,0.0,0.0
0.0,0.0,0.0
0.0,0.0,0.0
0.0,0.0,0.0
0.0,0.0,0.0
0.0,0.0,0.0
0.0,0.0,0.0
0.0,0.0,0.0
0.0,0.0,0.0
0.0,0.0,0.0
0.0,0.0,0.0
0.0,0.0,0.0
0.0,0.0,0.0
0.0,0.0,0.0
0.0,0.0,0.0
0.0,0.0,0.0
0.0,0.0,0.0
0.0,0.0,0.0
0.0,0.0,0.0
0.0,0.0,0.0
0.0,0.0,0.0
0.0,0.0,0.0
0.0,0.0,0.0
0.0,0.0,0.0
0.0,0.0,0.0
0.0,0.0,0.0
0.0,0.0,0.0
0.0,0.0,0.0
0.0,0.0,0.0
0.0,0.0,0.0
0.0,0.0,0.0
1.0,0.0,0.0
1.0,0.0,0.0
1.0,0.0,0.0
1.0,0.0,0.0
1.0,0.0,0.0
1.0,0.0,0.0
1.0,0.0,0.0
1.0,0.0,0.0
1.0,0.0,0.0
0.0,0.0,0.0
0.0,0.0,0.0
0.0,0.0,0.0
0.0,0.0,0.0
0.0,0.0,0.0
0.0,0.0,0.0
0.0,0.0,0.0
0.0,0.0,0.0
0.0,0.0,0.0
0.0,0.0,0.0
0.0,0.0,0.0
0.0,0.0,0.0
0.0,0.0,0.0
0.0,0.0,0.0
0.0,0.0,0.0
0.0,0.0,0.0
0.0,0.0,0.0
0.0,0.0,0.0
0.0,0.0,0.0
0.0,1.0,0.0
0.0,1.0,0.0
0.0,1.0,0.0
0.0,1.0,0.0
0.0,1.0,0.0
0.0,1.0,0.0
0.0,1.0,0.0
0.0,1.0,0.0
0.0,1.0,0.0
0.0,1.0,0.0
0.0,1.0,0.0
0.0,1.0,0.0
0.0,1.0,0.0
0.0,1.0,0.0
0.0,1.0,0.0
0.0,1.0,0.0
0.0,1.0,0.0
0.0,1.0,0.0
0.0,1.0,0.0
0.0,1.0,0.0
0.0,1.0,0.0
0.0,1.0,0.0
0.0,1.0,0.0
0.0,1.0,0.0
0.0,1.0,0.0
0.0,1.0,0.0
0.0,1.0,0.0
0.0,1.0,0.0
0.0,1.0,0.0
0.0,1.0,0.0
0.0,1.0,0.0
0.0,1.0,0.0
0.0,1.0,0.0
0.0,1.0,0.0
0.0,1.0,0.0
0.0,1.0,0.0
0.0,1.0,0.0
0.0,1.0,0.0
0.0,1.0,0.0
1.0,1.0,0.0
1.0,1.0,0.0
0.0,1.0,0.0
1.0,1.0,0.0
1.0,0.0,0.0
1.0,0.0,0.0
1.0,0.0,0.0
1.0,0.0,0.0
1.0,0.0,0.0
0.0,0.0,0.0
1.0,0.0,0.0
1.0,0.0,0.0
1.0,0.0,0.0
1.0,0.0,0.0
1.0,0.0,0.0
1.0,0.0,0.0
1.0,0.0,0.0
0.0,0.0,0.0
0.0,0.0,0.0
0.0,0.0,0.0
0.0,0.0,0.0
0.0,0.0,0.0
0.0,0.0,0.0
0.0,0.0,0.0
0.0,0.0,0.0
0.0,0.0,0.0
0.0,0.0,0.0
0.0,0.0,0.0
0.0,0.0,0.0
0.0,0.0,0.0
0.0,0.0,0.0
0.0,0.0,0.0
0.0,0.0,0.0
0.0,0.0,0.0
0.0,0.0,0.0
0.0,0.0,0.0
0.0,0.0,0.0
0.0,0.0,0.0
0.0,0.0,0.0
0.0,0.0,0.0
0.0,0.0,0.0
0.0,0.0,0.0
0.0,0.0,0.0
0.0,0.0,0.0
0.0,0.0,0.0
0.0,0.0,0.0
0.0,0.0,0.0
0.0,0.0,0.0
0.0,0.0,0.0
0.0,0.0,0.0
0.0,0.0,0.0
0.0,0.0,0.0
0.0,0.0,0.0
0.0,0.0,0.0
0.0,0.0,0.0
0.0,0.0,0.0
0.0,0.0,0.0
0.0,0.0,0.0
0.0,0.0,0.0
0.0,0.0,0.0
0.0,0.0,0.0
0.0,1.0,0.0
0.0,1.0,0.0
0.0,1.0,0.0
0.0,1.0,0.0
1.0,1.0,0.0
1.0,1.0,0.0
0.0,1.0,0.0
1.0,1.0,0.0
1.0,1.0,0.0
1.0,1.0,1.0
1.0,1.0,0.0
1.0,1.0,0.0
1.0,1.0,0.0
1.0,1.0,1.0
1.0,1.0,0.0
1.0,1.0,0.0
1.0,1.0,0.0
1.0,1.0,0.0
1.0,1.0,0.0
1.0,1.0,0.0
1.0,1.0,0.0
0.0,1.0,0.0
0.0,1.0,0.0
0.0,1.0,0.0
0.0,1.0,0.0
0.0,1.0,0.0
0.0,1.0,0.0
0.0,1.0,0.0
0.0,1.0,0.0
0.0,1.0,0.0
0.0,1.0,0.0
0.0,1.0,0.0
0.0,1.0,0.0
0.0,1.0,0.0
0.0,1.0,0.0
0.0,1.0,0.0
0.0,1.0,0.0
0.0,1.0,0.0
0.0,1.0,0.0
0.0,1.0,0.0
0.0,1.0,0.0
0.0,1.0,0.0
0.0,1.0,0.0
0.0,1.0,0.0
0.0,1.0,0.0
0.0,1.0,0.0
0.0,1.0,0.0
0.0,1.0,0.0
0.0,1.0,0.0
0.0,1.0,0.0
0.0,1.0,0.0
0.0,1.0,0.0
0.0,1.0,0.0
0.0,1.0,0.0
0.0,1.0,0.0
0.0,1.0,0.0
0.0,1.0,0.0
0.0,1.0,0.0
0.0,1.0,0.0
0.0,1.0,0.0
0.0,1.0,0.0
0.0,1.0,0.0
0.0,1.0,0.0
0.0,1.0,0.0
0.0,1.0,0.0
0.0,1.0,0.0
0.0,1.0,0.0
0.0,1.0,0.0
0.0,1.0,0.0
0.0,1.0,0.0
0.0,1.0,0.0
0.0,1.0,0.0
0.0,1.0,0.0
0.0,1.0,0.0
0.0,0.0,0.0
0.0,0.0,0.0
0.0,0.0,0.0
0.0,0.0,0.0
0.0,0.0,0.0
0.0,0.0,0.0
0.0,0.0,0.0
0.0,0.0,0.0
0.0,0.0,0.0
0.0,0.0,0.0
0.0,0.0,0.0
0.0,0.0,0.0
0.0,0.0,0.0
0.0,0.0,0.0
0.0,0.0,0.0
0.0,0.0,0.0
0.0,0.0,0.0
0.0,0.0,0.0
0.0,0.0,0.0
0.0,0.0,0.0
0.0,0.0,0.0
0.0,0.0,0.0
0.0,0.0,0.0
0.0,0.0,0.0
0.0,0.0,0.0
0.0,0.0,0.0
0.0,0.0,0.0
0.0,0.0,0.0
0.0,0.0,0.0
0.0,0.0,0.0
0.0,0.0,0.0
0.0,0.0,0.0
0.0,0.0,0.0
0.0,0.0,0.0
0.0,0.0,0.0
0.0,0.0,0.0
0.0,0.0,0.0
0.0,0.0,0.0
0.0,0.0,0.0
0.0,0.0,0.0
0.0,0.0,0.0
0.0,0.0,0.0
0.0,0.0,0.0
0.0,0.0,0.0
0.0,1.0,0.0
0.0,1.0,0.0
0.0,1.0,0.0
0.0,1.0,0.0
0.0,1.0,0.0
0.0,1.0,0.0
0.0,1.0,0.0
0.0,1.0,0.0
0.0,1.0,0.0
0.0,1.0,0.0
0.0,1.0,0.0
1.0,1.0,0.0
1.0,1.0,0.0
0.0,1.0,0.0
0.0,1.0,0.0
0.0,1.0,1.0
0.0,1.0,0.0
1.0,1.0,0.0
1.0,1.0,0.0
1.0,1.0,0.0
0.0,1.0,0.0
0.0,1.0,0.0
0.0,1.0,0.0
0.0,1.0,0.0
0.0,1.0,0.0
0.0,1.0,0.0
1.0,1.0,0.0
1.0,1.0,0.0
1.0,1.0,0.0
0.0,1.0,0.0
0.0,1.0,0.0
0.0,1.0,0.0
0.0,1.0,0.0
0.0,1.0,0.0
0.0,1.0,0.0
0.0,1.0,0.0
0.0,1.0,0.0
0.0,1.0,0.0
0.0,1.0,0.0
1.0,1.0,0.0
1.0,1.0,0.0
1.0,1.0,0.0
1.0,1.0,0.0
1.0,1.0,0.0
0.0,1.0,0.0
0.0,1.0,0.0
0.0,1.0,0.0
0.0,1.0,0.0
0.0,1.0,0.0
0.0,1.0,0.0
0.0,1.0,0.0
1.0,1.0,0.0
0.0,1.0,0.0
0.0,1.0,0.0
0.0,1.0,0.0
0.0,1.0,0.0
0.0,1.0,0.0
0.0,1.0,0.0
0.0,1.0,0.0
0.0,0.0,0.0
0.0,0.0,0.0
0.0,0.0,0.0
0.0,0.0,0.0
0.0,0.0,0.0
1.0,0.0,0.0
1.0,0.0,0.0
0.0,0.0,0.0
1.0,0.0,0.0
1.0,0.0,0.0
1.0,0.0,0.0
1.0,0.0,0.0
1.0,0.0,0.0
1.0,0.0,0.0
1.0,0.0,0.0
1.0,0.0,0.0
1.0,0.0,0.0
0.0,0.0,0.0
0.0,0.0,0.0
0.0,0.0,0.0
0.0,0.0,0.0
0.0,0.0,0.0
0.0,0.0,0.0
0.0,0.0,0.0
0.0,0.0,0.0
0.0,0.0,0.0
0.0,0.0,0.0
0.0,0.0,0.0
0.0,0.0,0.0
0.0,0.0,0.0
0.0,0.0,0.0
0.0,0.0,0.0
0.0,1.0,0.0
0.0,1.0,0.0
0.0,1.0,0.0
0.0,1.0,0.0
0.0,1.0,0.0
0.0,1.0,0.0
0.0,1.0,0.0
0.0,1.0,0.0
0.0,1.0,0.0
0.0,1.0,0.0
0.0,1.0,0.0
0.0,1.0,0.0
0.0,1.0,0.0
0.0,1.0,0.0
0.0,1.0,0.0
0.0,0.0,0.0
0.0,0.0,0.0
0.0,0.0,0.0
0.0,0.0,0.0
0.0,0.0,0.0
0.0,0.0,0.0
0.0,0.0,0.0
0.0,0.0,0.0
0.0,0.0,0.0
1.0,0.0,0.0
0.0,0.0,0.0
0.0,0.0,0.0
0.0,0.0,0.0
0.0,0.0,0.0
0.0,0.0,0.0
0.0,0.0,0.0
0.0,0.0,0.0
0.0,0.0,0.0
0.0,0.0,0.0
0.0,0.0,0.0
0.0,0.0,0.0
0.0,0.0,0.0
0.0,1.0,0.0
0.0,1.0,0.0
0.0,1.0,0.0
0.0,1.0,0.0
0.0,1.0,0.0
0.0,1.0,0.0
0.0,1.0,0.0
0.0,1.0,0.0
0.0,1.0,0.0
0.0,1.0,0.0
0.0,1.0,0.0
0.0,1.0,0.0
0.0,1.0,0.0
0.0,1.0,0.0
0.0,1.0,0.0
0.0,1.0,0.0
0.0,1.0,0.0
0.0,1.0,0.0
0.0,1.0,0.0
0.0,1.0,0.0
1.0,1.0,0.0
1.0,1.0,0.0
1.0,1.0,0.0
1.0,1.0,0.0
1.0,1.0,0.0
1.0,1.0,0.0
1.0,1.0,0.0
1.0,1.0,0.0
1.0,1.0,0.0
1.0,1.0,0.0
1.0,1.0,0.0
1.0,1.0,0.0
1.0,1.0,0.0
1.0,1.0,0.0
0.0,1.0,0.0
0.0,1.0,0.0
0.0,1.0,0.0
0.0,1.0,0.0
0.0,1.0,0.0
0.0,1.0,0.0
0.0,1.0,0.0
0.0,1.0,0.0
0.0,1.0,0.0
1.0,1.0,0.0
1.0,1.0,0.0
0.0,1.0,0.0
1.0,1.0,0.0
1.0,1.0,0.0
1.0,1.0,0.0
1.0,1.0,0.0
1.0,1.0,0.0
1.0,1.0,0.0
1.0,1.0,0.0
1.0,1.0,0.0
1.0,1.0,0.0
1.0,1.0,0.0
1.0,1.0,0.0
1.0,1.0,0.0
1.0,1.0,0.0
1.0,1.0,0.0
1.0,1.0,0.0
1.0,1.0,0.0
1.0,1.0,0.0
0.0,1.0,0.0
0.0,1.0,0.0
0.0,1.0,0.0
0.0,1.0,0.0
0.0,1.0,0.0
0.0,1.0,0.0
0.0,1.0,0.0
0.0,1.0,0.0
0.0,1.0,0.0
0.0,1.0,0.0
0.0,1.0,0.0
0.0,1.0,0.0
0.0,1.0,0.0
0.0,1.0,0.0
0.0,1.0,0.0
0.0,1.0,0.0
0.0,1.0,0.0
0.0,1.0,0.0
0.0,1.0,0.0
0.0,1.0,0.0
0.0,1.0,0.0
0.0,1.0,0.0
0.0,1.0,0.0
0.0,1.0,0.0
0.0,0.0,0.0
0.0,0.0,0.0
0.0,0.0,0.0
0.0,0.0,0.0
0.0,0.0,0.0
0.0,0.0,0.0
0.0,0.0,0.0
0.0,0.0,0.0
0.0,0.0,0.0
0.0,0.0,0.0
0.0,0.0,0.0
0.0,0.0,0.0
0.0,0.0,0.0
0.0,0.0,0.0
0.0,0.0,0.0
0.0,0.0,0.0
1.0,0.0,0.0
1.0,0.0,0.0
0.0,0.0,0.0
0.0,0.0,0.0
0.0,0.0,0.0
0.0,0.0,0.0
0.0,0.0,0.0
0.0,0.0,0.0
0.0,0.0,0.0
0.0,0.0,0.0
0.0,0.0,0.0
0.0,0.0,0.0
0.0,0.0,0.0
0.0,0.0,0.0
0.0,0.0,0.0
0.0,0.0,0.0
0.0,0.0,0.0
0.0,0.0,0.0
0.0,0.0,0.0
0.0,0.0,0.0
0.0,0.0,0.0
0.0,0.0,0.0
0.0,1.0,0.0
0.0,1.0,0.0
0.0,1.0,0.0
0.0,1.0,0.0
0.0,1.0,0.0
0.0,1.0,0.0
0.0,1.0,0.0
0.0,1.0,0.0
0.0,1.0,0.0
0.0,1.0,0.0
0.0,1.0,0.0
0.0,1.0,0.0
0.0,1.0,0.0
0.0,1.0,0.0
1.0,1.0,0.0
1.0,1.0,0.0
0.0,1.0,0.0
0.0,1.0,0.0
0.0,1.0,0.0
0.0,1.0,0.0
0.0,1.0,0.0
0.0,1.0,0.0
0.0,1.0,0.0
0.0,1.0,0.0
0.0,1.0,0.0
0.0,1.0,0.0
0.0,1.0,0.0
0.0,1.0,0.0
0.0,1.0,0.0
0.0,1.0,0.0
0.0,1.0,0.0
0.0,1.0,0.0
0.0,1.0,0.0
0.0,1.0,0.0
0.0,1.0,0.0
0.0,1.0,0.0
0.0,1.0,0.0
0.0,1.0,0.0
0.0,1.0,0.0
0.0,1.0,0.0
0.0,1.0,0.0
1.0,1.0,0.0
1.0,1.0,0.0
1.0,1.0,0.0
1.0,1.0,0.0
1.0,1.0,0.0
0.0,1.0,0.0
0.0,1.0,0.0
0.0,1.0,0.0
0.0,1.0,0.0
0.0,1.0,0.0
1.0,1.0,0.0
1.0,1.0,0.0
1.0,1.0,0.0
1.0,1.0,0.0
1.0,1.0,0.0
1.0,0.0,0.0
1.0,0.0,0.0
1.0,0.0,0.0
0.0,0.0,0.0
0.0,0.0,0.0
0.0,0.0,0.0
0.0,0.0,0.0
0.0,0.0,0.0
0.0,0.0,0.0
1.0,0.0,0.0
1.0,0.0,0.0
1.0,0.0,0.0
1.0,0.0,0.0
1.0,0.0,0.0
0.0,0.0,0.0
0.0,0.0,0.0
0.0,0.0,0.0
0.0,0.0,0.0
0.0,0.0,0.0
0.0,0.0,0.0
0.0,0.0,0.0
0.0,0.0,0.0
0.0,0.0,0.0
0.0,0.0,0.0
0.0,1.0,0.0
1.0,1.0,0.0
1.0,1.0,0.0
1.0,1.0,0.0
1.0,1.0,0.0
0.0,1.0,0.0
0.0,1.0,0.0
0.0,1.0,0.0
1.0,1.0,0.0
0.0,1.0,0.0
0.0,1.0,0.0
0.0,1.0,0.0
0.0,1.0,0.0
0.0,1.0,1.0
0.0,1.0,0.0
0.0,1.0,0.0
0.0,1.0,0.0
0.0,1.0,1.0
0.0,1.0,1.0
0.0,1.0,0.0
0.0,1.0,0.0
0.0,1.0,0.0
0.0,1.0,0.0
0.0,1.0,0.0
0.0,1.0,0.0
0.0,1.0,0.0
0.0,1.0,0.0
0.0,1.0,0.0
0.0,1.0,0.0
0.0,1.0,0.0
1.0,1.0,0.0
1.0,0.0,0.0
0.0,0.0,0.0
0.0,0.0,0.0
0.0,0.0,0.0
1.0,0.0,0.0
1.0,0.0,0.0
1.0,0.0,0.0
0.0,0.0,0.0
0.0,0.0,0.0
0.0,0.0,0.0
0.0,0.0,0.0
0.0,0.0,0.0
1.0,0.0,0.0
1.0,0.0,0.0
1.0,0.0,0.0
1.0,0.0,0.0
0.0,0.0,0.0
0.0,0.0,0.0
0.0,0.0,0.0
0.0,0.0,0.0
0.0,0.0,0.0
0.0,1.0,0.0
0.0,1.0,0.0
1.0,1.0,0.0
1.0,1.0,0.0
1.0,1.0,0.0
1.0,1.0,0.0
0.0,1.0,0.0
0.0,1.0,0.0
0.0,1.0,0.0
0.0,1.0,0.0
0.0,1.0,0.0
0.0,1.0,0.0
0.0,1.0,0.0
0.0,1.0,0.0
0.0,1.0,0.0
0.0,1.0,0.0
0.0,1.0,0.0
0.0,1.0,1.0
0.0,1.0,1.0
0.0,1.0,0.0
0.0,1.0,0.0
0.0,1.0,0.0
0.0,1.0,0.0
0.0,1.0,0.0
0.0,1.0,0.0
0.0,1.0,0.0
1.0,1.0,0.0
1.0,1.0,0.0
1.0,1.0,0.0
1.0,1.0,0.0
0.0,1.0,0.0
0.0,1.0,0.0
0.0,1.0,0.0
0.0,1.0,0.0
1.0,1.0,0.0
1.0,1.0,0.0
0.0,1.0,0.0
1.0,1.0,0.0
1.0,1.0,0.0
1.0,1.0,0.0
1.0,1.0,0.0
1.0,1.0,0.0
1.0,1.0,0.0
1.0,1.0,0.0
1.0,1.0,0.0
1.0,1.0,0.0
1.0,1.0,0.0
1.0,1.0,0.0
0.0,1.0,0.0
0.0,1.0,0.0
0.0,1.0,0.0
0.0,1.0,0.0
1.0,0.0,0.0
1.0,0.0,0.0
0.0,0.0,0.0
0.0,0.0,0.0
0.0,0.0,0.0
0.0,0.0,0.0
0.0,0.0,0.0
0.0,0.0,0.0
1.0,0.0,0.0
1.0,0.0,0.0
0.0,0.0,0.0
0.0,0.0,0.0
0.0,0.0,0.0
0.0,0.0,0.0
0.0,0.0,0.0
0.0,0.0,0.0
0.0,1.0,0.0
0.0,1.0,0.0
0.0,1.0,0.0
0.0,1.0,0.0
0.0,1.0,0.0
0.0,1.0,0.0
0.0,1.0,0.0
0.0,1.0,0.0
0.0,1.0,0.0
0.0,1.0,0.0
0.0,1.0,0.0
0.0,1.0,0.0
0.0,1.0,0.0
0.0,1.0,0.0
0.0,1.0,0.0
0.0,1.0,0.0
0.0,1.0,0.0
0.0,1.0,0.0
0.0,1.0,0.0
1.0,1.0,0.0
0.0,1.0,0.0
0.0,1.0,0.0
0.0,1.0,0.0
1.0,1.0,0.0
1.0,1.0,0.0
1.0,1.0,0.0
1.0,1.0,0.0
1.0,1.0,0.0
1.0,1.0,0.0
0.0,1.0,0.0
0.0,1.0,0.0
0.0,1.0,0.0
0.0,1.0,0.0
0.0,1.0,0.0
0.0,1.0,0.0
0.0,1.0,0.0
0.0,1.0,0.0
0.0,1.0,0.0
0.0,1.0,0.0
0.0,1.0,0.0
0.0,0.0,0.0
0.0,0.0,0.0
0.0,0.0,0.0
0.0,0.0,0.0
0.0,0.0,0.0
1.0,0.0,0.0
1.0,0.0,0.0
1.0,0.0,0.0
1.0,0.0,0.0
1.0,0.0,0.0
1.0,0.0,0.0
0.0,0.0,0.0
0.0,0.0,0.0
0.0,0.0,0.0
0.0,0.0,0.0
0.0,0.0,0.0
0.0,0.0,0.0
0.0,1.0,0.0
0.0,1.0,0.0
0.0,1.0,0.0
0.0,1.0,0.0
0.0,1.0,0.0
0.0,1.0,0.0
0.0,1.0,0.0
0.0,1.0,0.0
0.0,1.0,0.0
0.0,1.0,1.0
0.0,1.0,0.0
0.0,1.0,0.0
0.0,1.0,0.0
0.0,1.0,0.0
0.0,1.0,0.0
0.0,1.0,0.0
0.0,1.0,0.0
0.0,1.0,0.0
0.0,1.0,0.0
1.0,1.0,0.0
1.0,1.0,0.0
1.0,1.0,0.0
1.0,1.0,0.0
1.0,1.0,0.0
1.0,1.0,0.0
0.0,1.0,0.0
0.0,1.0,0.0
0.0,1.0,0.0
0.0,1.0,0.0
0.0,1.0,0.0
0.0,1.0,0.0
0.0,1.0,0.0
0.0,1.0,0.0
0.0,1.0,0.0
0.0,1.0,0.0
0.0,1.0,0.0
0.0,1.0,0.0
0.0,1.0,0.0
0.0,1.0,0.0
0.0,1.0,0.0
0.0,1.0,0.0
0.0,1.0,0.0
1.0,1.0,0.0
1.0,0.0,0.0
0.0,0.0,0.0
1.0,0.0,0.0
1.0,0.0,0.0
1.0,0.0,0.0
1.0,0.0,0.0
1.0,0.0,0.0
1.0,0.0,0.0
1.0,0.0,0.0
1.0,0.0,0.0
1.0,0.0,0.0
1.0,0.0,0.0
1.0,1.0,0.0
0.0,1.0,0.0
0.0,1.0,0.0
0.0,1.0,0.0
0.0,1.0,0.0
0.0,1.0,0.0
0.0,1.0,0.0
1.0,1.0,0.0
0.0,1.0,0.0
0.0,1.0,0.0
0.0,1.0,0.0
0.0,1.0,0.0
0.0,1.0,0.0
0.0,1.0,0.0
0.0,1.0,0.0
0.0,1.0,0.0
1.0,1.0,0.0
1.0,1.0,0.0
1.0,1.0,0.0
0.0,1.0,0.0
0.0,1.0,0.0
0.0,1.0,0.0
0.0,1.0,0.0
0.0,1.0,0.0
0.0,1.0,0.0
0.0,1.0,0.0
0.0,1.0,0.0
0.0,1.0,0.0
0.0,1.0,0.0
0.0,1.0,0.0
0.0,1.0,0.0
0.0,1.0,0.0
0.0,1.0,0.0
0.0,1.0,0.0
0.0,1.0,0.0
0.0,1.0,0.0
0.0,1.0,0.0
0.0,1.0,0.0
0.0,1.0,0.0
0.0,1.0,0.0
0.0,1.0,0.0
0.0,1.0,0.0
0.0,1.0,0.0
0.0,1.0,0.0
0.0,1.0,0.0
0.0,1.0,0.0
0.0,1.0,0.0
0.0,1.0,0.0
0.0,1.0,0.0
0.0,1.0,0.0
0.0,1.0,0.0
0.0,1.0,0.0
1.0,1.0,0.0
0.0,1.0,0.0
0.0,1.0,0.0
1.0,1.0,0.0
1.0,1.0,0.0
1.0,1.0,0.0
1.0,1.0,0.0
1.0,1.0,0.0
1.0,1.0,0.0
0.0,1.0,0.0
0.0,1.0,0.0
0.0,1.0,0.0
0.0,1.0,0.0
0.0,1.0,0.0
0.0,1.0,0.0
0.0,1.0,0.0
0.0,1.0,0.0
0.0,1.0,0.0
0.0,1.0,0.0
0.0,1.0,0.0
0.0,0.0,0.0
0.0,0.0,0.0
0.0,0.0,0.0
1.0,0.0,0.0
1.0,0.0,0.0
1.0,0.0,0.0
0.0,0.0,0.0
1.0,0.0,0.0
0.0,0.0,0.0
0.0,0.0,0.0
0.0,0.0,0.0
0.0,0.0,0.0
0.0,0.0,0.0
0.0,0.0,0.0
0.0,0.0,0.0
0.0,0.0,0.0
0.0,0.0,0.0
0.0,0.0,0.0
0.0,0.0,0.0
0.0,0.0,0.0
0.0,0.0,0.0
0.0,0.0,0.0
0.0,0.0,0.0
0.0,0.0,0.0
0.0,0.0,0.0
0.0,0.0,0.0
0.0,0.0,0.0
0.0,0.0,0.0
0.0,0.0,0.0
0.0,0.0,0.0
0.0,0.0,0.0
0.0,0.0,0.0
0.0,0.0,0.0
0.0,0.0,0.0
0.0,0.0,0.0
0.0,0.0,0.0
0.0,0.0,0.0
0.0,0.0,0.0
0.0,0.0,0.0
0.0,0.0,0.0
0.0,0.0,0.0
0.0,0.0,0.0
0.0,0.0,0.0
0.0,0.0,0.0
0.0,0.0,0.0
1.0,0.0,0.0
1.0,0.0,0.0
1.0,0.0,0.0
1.0,0.0,0.0
1.0,0.0,0.0
1.0,0.0,0.0
1.0,0.0,0.0
1.0,0.0,0.0
1.0,0.0,0.0
1.0,0.0,0.0
1.0,0.0,0.0
1.0,0.0,0.0
0.0,0.0,0.0
0.0,0.0,0.0
0.0,0.0,0.0
1.0,0.0,0.0
1.0,0.0,0.0
1.0,0.0,0.0
1.0,0.0,0.0
1.0,0.0,0.0
0.0,0.0,0.0
1.0,0.0,0.0
1.0,0.0,0.0
1.0,0.0,0.0
1.0,0.0,0.0
0.0,0.0,0.0
0.0,0.0,0.0
0.0,0.0,0.0
0.0,0.0,0.0
0.0,0.0,0.0
0.0,0.0,0.0
0.0,0.0,0.0
0.0,0.0,0.0
0.0,0.0,0.0
0.0,0.0,0.0
0.0,0.0,0.0
0.0,0.0,0.0
0.0,0.0,0.0
0.0,0.0,0.0
0.0,0.0,0.0
1.0,0.0,0.0
1.0,0.0,0.0
1.0,0.0,0.0
1.0,0.0,0.0
1.0,0.0,0.0
1.0,0.0,0.0
1.0,0.0,0.0
1.0,0.0,0.0
1.0,0.0,0.0
1.0,0.0,0.0
1.0,0.0,0.0
0.0,0.0,0.0
1.0,0.0,0.0
1.0,0.0,0.0
1.0,0.0,0.0
1.0,0.0,0.0
1.0,0.0,0.0
1.0,0.0,0.0
1.0,0.0,0.0
1.0,0.0,0.0
0.0,0.0,0.0
0.0,0.0,0.0
0.0,0.0,0.0
0.0,0.0,0.0
0.0,0.0,0.0
0.0,0.0,0.0
0.0,0.0,0.0
0.0,0.0,0.0
0.0,0.0,0.0
0.0,0.0,0.0
0.0,0.0,0.0
0.0,0.0,0.0
1.0,0.0,0.0
1.0,0.0,0.0
1.0,0.0,0.0
1.0,0.0,0.0
0.0,0.0,0.0
1.0,0.0,0.0
1.0,0.0,0.0
1.0,0.0,0.0
1.0,0.0,0.0
1.0,0.0,0.0
1.0,0.0,0.0
1.0,0.0,0.0
1.0,0.0,0.0
1.0,0.0,0.0
1.0,0.0,0.0
1.0,0.0,0.0
1.0,0.0,0.0
0.0,0.0,0.0
0.0,0.0,0.0
1.0,0.0,0.0
1.0,0.0,0.0
1.0,0.0,0.0
1.0,0.0,0.0
1.0,0.0,0.0
1.0,0.0,0.0
1.0,0.0,0.0
1.0,0.0,0.0
0.0,0.0,0.0
0.0,0.0,0.0
0.0,0.0,0.0
0.0,0.0,0.0
0.0,0.0,0.0
0.0,0.0,0.0
0.0,0.0,0.0
1.0,0.0,0.0
1.0,0.0,0.0
1.0,0.0,0.0
1.0,0.0,0.0
1.0,0.0,0.0
0.0,0.0,0.0
0.0,0.0,0.0
0.0,0.0,0.0
0.0,0.0,0.0
1.0,0.0,0.0
1.0,0.0,0.0
0.0,0.0,0.0
0.0,0.0,0.0
0.0,0.0,0.0
0.0,0.0,0.0
0.0,0.0,0.0
0.0,0.0,0.0
0.0,0.0,0.0
1.0,0.0,0.0
0.0,0.0,0.0
0.0,0.0,0.0
0.0,0.0,0.0
0.0,0.0,0.0
0.0,0.0,0.0
0.0,0.0,0.0
0.0,0.0,0.0
0.0,0.0,0.0
1.0,0.0,0.0
1.0,0.0,0.0
1.0,0.0,0.0
1.0,0.0,0.0
1.0,0.0,0.0
1.0,0.0,0.0
1.0,0.0,0.0
1.0,0.0,0.0
0.0,0.0,0.0
0.0,0.0,0.0
0.0,0.0,0.0
0.0,0.0,0.0
1.0,0.0,0.0
1.0,0.0,0.0
1.0,0.0,0.0
1.0,0.0,0.0
1.0,0.0,0.0
1.0,0.0,0.0
0.0,0.0,0.0
1.0,0.0,0.0
0.0,0.0,0.0
1.0,0.0,0.0
1.0,0.0,0.0
1.0,0.0,0.0
1.0,0.0,0.0
1.0,0.0,0.0
1.0,0.0,0.0
1.0,0.0,0.0
1.0,0.0,0.0
1.0,0.0,0.0
1.0,0.0,0.0
1.0,0.0,0.0
1.0,0.0,0.0
0.0,0.0,0.0
0.0,0.0,0.0
0.0,0.0,0.0
0.0,0.0,0.0
1.0,0.0,0.0
1.0,0.0,0.0
1.0,0.0,0.0
1.0,0.0,0.0
1.0,0.0,0.0
1.0,0.0,0.0
1.0,0.0,0.0
1.0,0.0,0.0
1.0,0.0,0.0
1.0,0.0,0.0
0.0,0.0,0.0
0.0,0.0,0.0
0.0,0.0,0.0
0.0,0.0,0.0
0.0,0.0,0.0
0.0,0.0,0.0
0.0,0.0,0.0
0.0,0.0,0.0
0.0,0.0,0.0
0.0,0.0,0.0
0.0,0.0,0.0
1.0,0.0,0.0
1.0,0.0,0.0
1.0,0.0,0.0
1.0,0.0,0.0
1.0,0.0,0.0
1.0,0.0,0.0
1.0,0.0,0.0
1.0,0.0,0.0
1.0,0.0,0.0
1.0,0.0,0.0
1.0,0.0,0.0
1.0,0.0,0.0
1.0,0.0,0.0
0.0,0.0,0.0
1.0,0.0,0.0
1.0,0.0,0.0
1.0,0.0,0.0
1.0,0.0,0.0
1.0,0.0,0.0
1.0,0.0,0.0
1.0,0.0,0.0
1.0,0.0,0.0
1.0,0.0,0.0
1.0,0.0,0.0
1.0,0.0,0.0
0.0,0.0,0.0
0.0,0.0,0.0
0.0,0.0,0.0
0.0,0.0,0.0
0.0,0.0,0.0
0.0,0.0,0.0
0.0,0.0,0.0
0.0,0.0,0.0
1.0,0.0,0.0
1.0,0.0,0.0
1.0,0.0,0.0
1.0,0.0,0.0
1.0,0.0,1.0
1.0,0.0,1.0
1.0,0.0,0.0
0.0,0.0,0.0
0.0,0.0,0.0
0.0,0.0,0.0
0.0,0.0,0.0
1.0,0.0,0.0
1.0,0.0,1.0
1.0,0.0,0.0
1.0,0.0,0.0
1.0,0.0,0.0
1.0,0.0,0.0
0.0,0.0,0.0
0.0,0.0,1.0
1.0,0.0,0.0
1.0,0.0,0.0
1.0,0.0,0.0
1.0,0.0,0.0
1.0,0.0,0.0
1.0,0.0,0.0
1.0,0.0,0.0
1.0,0.0,0.0
1.0,0.0,0.0
1.0,0.0,0.0
1.0,0.0,0.0
1.0,0.0,0.0
1.0,0.0,0.0
1.0,0.0,0.0
1.0,0.0,0.0
1.0,0.0,0.0
1.0,0.0,0.0
1.0,0.0,0.0
1.0,0.0,0.0
1.0,0.0,0.0
0.0,0.0,0.0
0.0,0.0,0.0
0.0,0.0,0.0
1.0,0.0,0.0
1.0,0.0,0.0
1.0,0.0,0.0
1.0,0.0,0.0
1.0,0.0,0.0
1.0,0.0,0.0
1.0,0.0,0.0
1.0,0.0,0.0
1.0,0.0,0.0
1.0,0.0,0.0
0.0,0.0,0.0
0.0,0.0,0.0
0.0,0.0,0.0
0.0,0.0,0.0
0.0,0.0,0.0
1.0,0.0,0.0
1.0,0.0,0.0
1.0,0.0,0.0
1.0,0.0,0.0
1.0,0.0,0.0
1.0,0.0,0.0
1.0,0.0,0.0
1.0,0.0,0.0
0.0,0.0,0.0
0.0,0.0,0.0
0.0,0.0,0.0
0.0,0.0,0.0
1.0,0.0,0.0
1.0,0.0,0.0
1.0,0.0,0.0
1.0,0.0,0.0
1.0,0.0,0.0
1.0,0.0,0.0
0.0,0.0,0.0
0.0,0.0,0.0
1.0,0.0,0.0
1.0,0.0,0.0
1.0,0.0,0.0
0.0,0.0,0.0
0.0,0.0,0.0
0.0,0.0,0.0
0.0,0.0,0.0
0.0,0.0,0.0
1.0,0.0,0.0
1.0,0.0,0.0
1.0,0.0,0.0
1.0,0.0,0.0
1.0,0.0,0.0
1.0,0.0,0.0
1.0,0.0,0.0
1.0,0.0,0.0
1.0,0.0,0.0
1.0,0.0,0.0
1.0,0.0,0.0
1.0,0.0,0.0
1.0,0.0,0.0
1.0,0.0,0.0
1.0,0.0,0.0
1.0,0.0,0.0
1.0,0.0,0.0
1.0,0.0,0.0
1.0,0.0,0.0
1.0,0.0,0.0
1.0,0.0,0.0
0.0,0.0,0.0
1.0,0.0,0.0
1.0,0.0,0.0
1.0,0.0,0.0
1.0,0.0,0.0
1.0,0.0,0.0
1.0,0.0,0.0
1.0,0.0,0.0
1.0,0.0,0.0
1.0,0.0,0.0
1.0,0.0,0.0
1.0,0.0,0.0
1.0,0.0,0.0
1.0,0.0,0.0
1.0,0.0,0.0
1.0,0.0,0.0
1.0,0.0,0.0
1.0,0.0,0.0
1.0,0.0,0.0
1.0,0.0,0.0
1.0,0.0,0.0
1.0,0.0,0.0
1.0,0.0,0.0
1.0,0.0,0.0
1.0,0.0,0.0
1.0,0.0,0.0
1.0,0.0,0.0
0.0,0.0,0.0
0.0,0.0,0.0
1.0,0.0,0.0
1.0,0.0,0.0
1.0,0.0,0.0
1.0,0.0,0.0
1.0,0.0,0.0
1.0,0.0,0.0
1.0,0.0,0.0
1.0,0.0,0.0
1.0,0.0,0.0
0.0,0.0,0.0
0.0,0.0,0.0
0.0,0.0,0.0
0.0,0.0,0.0
0.0,0.0,0.0
0.0,0.0,0.0
0.0,0.0,0.0
0.0,0.0,0.0
0.0,0.0,0.0
0.0,0.0,0.0
0.0,0.0,0.0
0.0,0.0,0.0
0.0,0.0,0.0
0.0,0.0,0.0
0.0,0.0,0.0
0.0,0.0,0.0
0.0,0.0,0.0
0.0,0.0,0.0
0.0,0.0,0.0
0.0,0.0,0.0
0.0,0.0,0.0
0.0,0.0,0.0
0.0,0.0,0.0
0.0,0.0,0.0
0.0,0.0,0.0
0.0,0.0,0.0
0.0,0.0,0.0
0.0,0.0,0.0
0.0,0.0,0.0
0.0,0.0,0.0
0.0,0.0,0.0
0.0,0.0,0.0
0.0,0.0,0.0
0.0,0.0,0.0
0.0,0.0,0.0
0.0,0.0,0.0
0.0,0.0,0.0
0.0,0.0,0.0
0.0,0.0,0.0
0.0,0.0,0.0
0.0,0.0,0.0
0.0,0.0,0.0
0.0,1.0,0.0
0.0,1.0,0.0
0.0,1.0,0.0
0.0,1.0,0.0
0.0,1.0,0.0
0.0,1.0,0.0
0.0,1.0,0.0
0.0,1.0,0.0
0.0,1.0,0.0
0.0,1.0,0.0
0.0,1.0,0.0
0.0,1.0,0.0
0.0,1.0,0.0
0.0,1.0,0.0
0.0,1.0,0.0
0.0,1.0,0.0
0.0,1.0,0.0
0.0,1.0,0.0
0.0,1.0,0.0
0.0,1.0,0.0
0.0,1.0,0.0
0.0,1.0,0.0
0.0,0.0,0.0
0.0,0.0,0.0
0.0,0.0,0.0
0.0,0.0,0.0
0.0,0.0,0.0
0.0,1.0,0.0
0.0,1.0,0.0
0.0,1.0,0.0
0.0,1.0,0.0
0.0,1.0,0.0
0.0,1.0,0.0
0.0,1.0,0.0
0.0,1.0,0.0
0.0,1.0,0.0
0.0,1.0,0.0
0.0,1.0,0.0
0.0,1.0,0.0
0.0,1.0,0.0
0.0,1.0,0.0
0.0,1.0,0.0
0.0,1.0,0.0
0.0,1.0,0.0
0.0,1.0,0.0
0.0,1.0,0.0
0.0,1.0,0.0
0.0,1.0,0.0
0.0,1.0,0.0
0.0,1.0,0.0
0.0,1.0,0.0
0.0,1.0,0.0
0.0,1.0,0.0
0.0,1.0,0.0
0.0,1.0,0.0
0.0,1.0,0.0
0.0,1.0,0.0
0.0,1.0,0.0
0.0,1.0,0.0
0.0,1.0,1.0
0.0,1.0,0.0
0.0,1.0,0.0
0.0,1.0,0.0
0.0,1.0,0.0
1.0,1.0,0.0
1.0,1.0,1.0
1.0,1.0,0.0
1.0,1.0,0.0
1.0,1.0,0.0
1.0,1.0,1.0
1.0,1.0,0.0
1.0,1.0,0.0
1.0,1.0,0.0
1.0,1.0,0.0
1.0,1.0,0.0
1.0,1.0,1.0
1.0,1.0,1.0
1.0,1.0,0.0
1.0,1.0,0.0
0.0,1.0,0.0
0.0,1.0,0.0
0.0,1.0,0.0
0.0,1.0,1.0
0.0,1.0,1.0
0.0,1.0,0.0
1.0,1.0,0.0
1.0,1.0,1.0
0.0,1.0,1.0
1.0,1.0,0.0
1.0,1.0,0.0
1.0,1.0,0.0
1.0,1.0,0.0
1.0,1.0,1.0
1.0,1.0,1.0
1.0,0.0,0.0
1.0,0.0,0.0
1.0,0.0,0.0
0.0,0.0,0.0
1.0,0.0,0.0
0.0,1.0,1.0
0.0,1.0,1.0
0.0,1.0,0.0
0.0,1.0,0.0
0.0,1.0,0.0
1.0,1.0,1.0
1.0,1.0,0.0
1.0,1.0,1.0
1.0,1.0,0.0
1.0,1.0,0.0
1.0,1.0,0.0
1.0,1.0,1.0
1.0,1.0,1.0
1.0,1.0,1.0
1.0,1.0,0.0
1.0,1.0,0.0
1.0,1.0,0.0
1.0,1.0,0.0
1.0,1.0,1.0
0.0,1.0,1.0
0.0,1.0,0.0
0.0,1.0,0.0
0.0,1.0,1.0
0.0,1.0,1.0
0.0,1.0,0.0
1.0,1.0,0.0
1.0,1.0,0.0
1.0,1.0,0.0
1.0,1.0,0.0
1.0,1.0,1.0
1.0,1.0,1.0
0.0,1.0,0.0
0.0,1.0,0.0
0.0,1.0,0.0
0.0,1.0,0.0
0.0,1.0,0.0
1.0,1.0,1.0
1.0,1.0,1.0
1.0,1.0,1.0
1.0,1.0,0.0
1.0,1.0,1.0
0.0,1.0,1.0
0.0,0.0,1.0
0.0,0.0,1.0
0.0,0.0,0.0
0.0,1.0,0.0
0.0,1.0,0.0
1.0,1.0,1.0
1.0,1.0,1.0
1.0,1.0,0.0
1.0,1.0,0.0
0.0,1.0,0.0
1.0,1.0,0.0
1.0,1.0,1.0
1.0,1.0,1.0
1.0,1.0,1.0
1.0,1.0,1.0
1.0,1.0,1.0
1.0,1.0,1.0
1.0,1.0,1.0
1.0,1.0,1.0
1.0,1.0,0.0
1.0,1.0,0.0
1.0,1.0,0.0
1.0,1.0,1.0
1.0,1.0,1.0
1.0,1.0,0.0
1.0,0.0,0.0
1.0,0.0,0.0
1.0,1.0,0.0
1.0,1.0,1.0
1.0,1.0,1.0
1.0,1.0,1.0
1.0,1.0,0.0
1.0,1.0,0.0
1.0,1.0,1.0
1.0,1.0,1.0
1.0,1.0,1.0
1.0,1.0,1.0
0.0,1.0,0.0
0.0,1.0,0.0
0.0,1.0,1.0
0.0,1.0,1.0
0.0,1.0,1.0
0.0,1.0,0.0
0.0,1.0,0.0
0.0,1.0,0.0
0.0,1.0,0.0
0.0,1.0,1.0
1.0,1.0,1.0
1.0,1.0,1.0
0.0,1.0,1.0
0.0,1.0,1.0
1.0,1.0,1.0
1.0,1.0,1.0
1.0,1.0,1.0
1.0,1.0,0.0
1.0,1.0,0.0
1.0,1.0,0.0
1.0,1.0,1.0
1.0,1.0,1.0
1.0,1.0,0.0
0.0,1.0,0.0
0.0,1.0,0.0
1.0,1.0,0.0
0.0,1.0,1.0
0.0,1.0,1.0
0.0,1.0,1.0
0.0,1.0,1.0
0.0,1.0,0.0
0.0,1.0,1.0
1.0,1.0,0.0
1.0,1.0,1.0
1.0,0.0,1.0
1.0,0.0,0.0
1.0,1.0,0.0
1.0,1.0,1.0
1.0,1.0,1.0
1.0,1.0,1.0
1.0,1.0,0.0
1.0,1.0,0.0
1.0,1.0,0.0
1.0,1.0,0.0
1.0,1.0,1.0
1.0,1.0,0.0
1.0,1.0,1.0
1.0,1.0,0.0
1.0,1.0,1.0
1.0,1.0,1.0
1.0,1.0,1.0
1.0,1.0,1.0
1.0,1.0,1.0
1.0,1.0,1.0
1.0,1.0,1.0
1.0,1.0,1.0
1.0,1.0,1.0
1.0,0.0,1.0
1.0,0.0,1.0
1.0,1.0,1.0
1.0,1.0,1.0
1.0,1.0,1.0
1.0,1.0,1.0
1.0,1.0,1.0
1.0,1.0,1.0
1.0,1.0,1.0
1.0,1.0,1.0
1.0,1.0,1.0
1.0,1.0,1.0
1.0,1.0,1.0
1.0,1.0,1.0
0.0,1.0,0.0
1.0,1.0,1.0
1.0,1.0,1.0
0.0,1.0,0.0
0.0,1.0,0.0
1.0,1.0,0.0
1.0,1.0,0.0
1.0,1.0,1.0
1.0,1.0,1.0
1.0,1.0,1.0
0.0,1.0,0.0
0.0,1.0,1.0
0.0,1.0,1.0
0.0,1.0,0.0
1.0,1.0,1.0
1.0,1.0,1.0
1.0,1.0,1.0
1.0,1.0,1.0
1.0,1.0,1.0
1.0,1.0,1.0
1.0,1.0,0.0
1.0,1.0,0.0
0.0,1.0,0.0
0.0,1.0,0.0
1.0,1.0,1.0
1.0,1.0,1.0
1.0,1.0,1.0
0.0,1.0,0.0
0.0,1.0,1.0
1.0,1.0,1.0
1.0,1.0,0.0
1.0,0.0,1.0
1.0,0.0,1.0
1.0,1.0,1.0
1.0,1.0,0.0
1.0,1.0,1.0
1.0,1.0,1.0
1.0,1.0,1.0
1.0,1.0,0.0
1.0,1.0,0.0
0.0,1.0,0.0
0.0,1.0,0.0
0.0,1.0,1.0
0.0,1.0,1.0
0.0,1.0,1.0
0.0,1.0,0.0
0.0,1.0,1.0
0.0,1.0,1.0
1.0,1.0,0.0
1.0,1.0,1.0
1.0,1.0,1.0
1.0,1.0,0.0
1.0,1.0,0.0
1.0,1.0,1.0
1.0,1.0,1.0
1.0,1.0,1.0
1.0,1.0,0.0
1.0,1.0,0.0
1.0,1.0,0.0
1.0,1.0,1.0
1.0,1.0,1.0
1.0,1.0,1.0
1.0,1.0,0.0
1.0,1.0,0.0
1.0,1.0,1.0
0.0,1.0,0.0
1.0,1.0,0.0
0.0,1.0,1.0
0.0,1.0,1.0
0.0,1.0,0.0
0.0,1.0,1.0
0.0,1.0,1.0
0.0,1.0,1.0
0.0,1.0,1.0
0.0,1.0,0.0
0.0,1.0,0.0
0.0,1.0,0.0
0.0,1.0,1.0
0.0,1.0,1.0
0.0,0.0,1.0
0.0,0.0,1.0
0.0,0.0,0.0
0.0,0.0,1.0
0.0,0.0,1.0
0.0,0.0,1.0
0.0,0.0,1.0
0.0,0.0,1.0
0.0,0.0,1.0
0.0,0.0,1.0
0.0,0.0,1.0
0.0,0.0,1.0
0.0,0.0,1.0
0.0,0.0,1.0
0.0,0.0,1.0
0.0,0.0,1.0
0.0,0.0,1.0
0.0,0.0,1.0
0.0,0.0,1.0
0.0,0.0,0.0
1.0,0.0,1.0
0.0,0.0,0.0
0.0,0.0,0.0
0.0,0.0,0.0
0.0,1.0,0.0
1.0,1.0,0.0
1.0,1.0,1.0
1.0,1.0,1.0
1.0,1.0,1.0
1.0,1.0,0.0
1.0,1.0,0.0
1.0,1.0,0.0
1.0,1.0,0.0
1.0,1.0,1.0
1.0,1.0,1.0
1.0,1.0,1.0
1.0,1.0,1.0
1.0,1.0,1.0
1.0,1.0,1.0
1.0,1.0,0.0
1.0,1.0,1.0
1.0,1.0,1.0
1.0,1.0,1.0
1.0,1.0,0.0
1.0,1.0,1.0
1.0,1.0,1.0
1.0,0.0,1.0
0.0,0.0,0.0
0.0,1.0,0.0
0.0,1.0,0.0
1.0,1.0,0.0
1.0,1.0,1.0
1.0,1.0,1.0
1.0,1.0,1.0
1.0,1.0,0.0
1.0,1.0,1.0
1.0,1.0,1.0
1.0,1.0,1.0
1.0,1.0,1.0
1.0,1.0,1.0
1.0,1.0,0.0
1.0,1.0,0.0
0.0,1.0,1.0
1.0,1.0,1.0
1.0,1.0,0.0
1.0,1.0,0.0
1.0,1.0,0.0
1.0,1.0,0.0
1.0,1.0,1.0
1.0,1.0,1.0
1.0,1.0,0.0
1.0,1.0,0.0
1.0,1.0,1.0
1.0,1.0,1.0
0.0,1.0,0.0
1.0,1.0,1.0
1.0,1.0,1.0
1.0,1.0,1.0
1.0,1.0,1.0
1.0,1.0,1.0
1.0,1.0,1.0
1.0,1.0,1.0
0.0,1.0,1.0
0.0,1.0,1.0
1.0,1.0,1.0
1.0,1.0,1.0
1.0,1.0,1.0
1.0,1.0,1.0
1.0,1.0,1.0
0.0,1.0,1.0
0.0,1.0,0.0
0.0,1.0,1.0
0.0,1.0,1.0
0.0,0.0,1.0
1.0,1.0,0.0
1.0,1.0,1.0
1.0,1.0,1.0
0.0,1.0,1.0
1.0,1.0,1.0
1.0,1.0,0.0
1.0,1.0,1.0
1.0,1.0,1.0
1.0,1.0,1.0
1.0,1.0,0.0
1.0,1.0,1.0
1.0,1.0,1.0
1.0,1.0,1.0
1.0,1.0,1.0
1.0,1.0,0.0
1.0,1.0,1.0
1.0,1.0,1.0
1.0,1.0,1.0
1.0,1.0,0.0
1.0,1.0,1.0
1.0,1.0,1.0
1.0,1.0,1.0
1.0,1.0,1.0
1.0,1.0,0.0
1.0,1.0,1.0
1.0,1.0,1.0
1.0,1.0,1.0
1.0,1.0,0.0
1.0,1.0,1.0
1.0,1.0,1.0
1.0,1.0,1.0
1.0,1.0,1.0
1.0,1.0,0.0
1.0,1.0,1.0
1.0,1.0,1.0
1.0,1.0,1.0
1.0,1.0,0.0
1.0,1.0,1.0
1.0,1.0,1.0
1.0,1.0,1.0
1.0,1.0,1.0
1.0,0.0,0.0
1.0,1.0,1.0
1.0,1.0,1.0
1.0,0.0,0.0
1.0,0.0,0.0
1.0,1.0,1.0
1.0,1.0,1.0
1.0,1.0,1.0
1.0,1.0,0.0
1.0,1.0,0.0
1.0,1.0,1.0
1.0,1.0,1.0
0.0,1.0,1.0
0.0,1.0,1.0
0.0,1.0,1.0
0.0,1.0,1.0
0.0,1.0,1.0
0.0,1.0,0.0
0.0,1.0,1.0
0.0,1.0,1.0
1.0,1.0,1.0
1.0,1.0,1.0
1.0,1.0,1.0
0.0,1.0,1.0
0.0,1.0,1.0
1.0,1.0,1.0
1.0,1.0,0.0
1.0,1.0,1.0
0.0,1.0,1.0
0.0,0.0,1.0
0.0,1.0,1.0
1.0,1.0,1.0
1.0,1.0,1.0
1.0,1.0,1.0
1.0,1.0,0.0
1.0,1.0,1.0
1.0,1.0,1.0
1.0,1.0,1.0
1.0,1.0,0.0
0.0,1.0,1.0
1.0,1.0,1.0
0.0,1.0,1.0
0.0,1.0,1.0
1.0,1.0,0.0
1.0,1.0,1.0
1.0,1.0,1.0
0.0,1.0,1.0
0.0,1.0,0.0
0.0,1.0,1.0
0.0,1.0,1.0
0.0,1.0,1.0
0.0,1.0,0.0
0.0,0.0,0.0
0.0,0.0,1.0
1.0,1.0,1.0
1.0,1.0,1.0
1.0,1.0,1.0
1.0,1.0,1.0
1.0,1.0,1.0
1.0,1.0,1.0
1.0,1.0,1.0
1.0,1.0,0.0
1.0,1.0,1.0
1.0,1.0,1.0
1.0,1.0,1.0
1.0,1.0,1.0
1.0,1.0,1.0
1.0,1.0,1.0
1.0,1.0,1.0
1.0,1.0,0.0
1.0,1.0,1.0
1.0,1.0,1.0
1.0,1.0,1.0
1.0,1.0,0.0
1.0,1.0,1.0
1.0,1.0,1.0
0.0,1.0,1.0
0.0,1.0,1.0
1.0,1.0,0.0
1.0,1.0,1.0
1.0,1.0,1.0
1.0,1.0,1.0
1.0,1.0,0.0
1.0,1.0,1.0
1.0,1.0,1.0
1.0,1.0,1.0
1.0,1.0,1.0
1.0,1.0,1.0
1.0,1.0,1.0
1.0,1.0,1.0
1.0,1.0,1.0
1.0,1.0,1.0
1.0,1.0,0.0
0.0,1.0,1.0
0.0,1.0,1.0
1.0,1.0,0.0
1.0,1.0,1.0
1.0,0.0,1.0
1.0,0.0,0.0
1.0,1.0,0.0
1.0,1.0,1.0
0.0,1.0,1.0
0.0,1.0,0.0
1.0,1.0,1.0
1.0,1.0,1.0
0.0,1.0,0.0
0.0,1.0,1.0
1.0,1.0,1.0
1.0,1.0,0.0
1.0,1.0,1.0
1.0,1.0,1.0
1.0,1.0,1.0
1.0,1.0,1.0
1.0,1.0,0.0
1.0,1.0,1.0
1.0,1.0,1.0
1.0,1.0,1.0
1.0,1.0,0.0
1.0,1.0,1.0
1.0,1.0,1.0
1.0,1.0,1.0
1.0,1.0,1.0
1.0,1.0,0.0
1.0,1.0,1.0
1.0,1.0,1.0
1.0,1.0,0.0
1.0,1.0,0.0
1.0,1.0,1.0
1.0,1.0,1.0
1.0,1.0,1.0
0.0,1.0,1.0
1.0,1.0,0.0
0.0,1.0,1.0
0.0,1.0,1.0
0.0,1.0,1.0
0.0,1.0,1.0
0.0,1.0,1.0
0.0,1.0,1.0
1.0,1.0,1.0
1.0,0.0,1.0
1.0,0.0,0.0
1.0,0.0,1.0
1.0,1.0,1.0
1.0,1.0,1.0
1.0,1.0,1.0
1.0,1.0,1.0
1.0,1.0,1.0
1.0,1.0,1.0
1.0,1.0,1.0
1.0,1.0,0.0
1.0,1.0,1.0
1.0,1.0,1.0
0.0,1.0,0.0
0.0,1.0,0.0
0.0,1.0,1.0
0.0,1.0,1.0
0.0,1.0,1.0
0.0,1.0,0.0
0.0,1.0,1.0
0.0,1.0,0.0
0.0,1.0,1.0
1.0,1.0,1.0
1.0,1.0,1.0
1.0,1.0,1.0
1.0,1.0,1.0
1.0,1.0,1.0
0.0,0.0,0.0
0.0,0.0,0.0
0.0,1.0,0.0
0.0,1.0,0.0
1.0,1.0,1.0
1.0,1.0,1.0
1.0,1.0,0.0
1.0,1.0,0.0
1.0,1.0,0.0
1.0,1.0,0.0
1.0,1.0,0.0
1.0,1.0,1.0
1.0,1.0,0.0
1.0,1.0,1.0
1.0,1.0,1.0
1.0,1.0,1.0
1.0,1.0,1.0
1.0,1.0,0.0
0.0,1.0,0.0
1.0,1.0,1.0
1.0,1.0,1.0
0.0,1.0,1.0
0.0,1.0,1.0
1.0,1.0,1.0
0.0,1.0,1.0
0.0,1.0,1.0
0.0,0.0,1.0
1.0,1.0,1.0
1.0,1.0,1.0
1.0,1.0,1.0
1.0,1.0,1.0
1.0,1.0,1.0
1.0,1.0,1.0
1.0,1.0,1.0
1.0,1.0,0.0
1.0,1.0,0.0
1.0,1.0,0.0
1.0,1.0,0.0
1.0,1.0,1.0
1.0,1.0,1.0
1.0,1.0,0.0
0.0,1.0,0.0
0.0,1.0,0.0
0.0,1.0,0.0
0.0,1.0,0.0
0.0,1.0,1.0
0.0,1.0,0.0
0.0,1.0,0.0
1.0,1.0,0.0
1.0,1.0,0.0
1.0,1.0,1.0
1.0,1.0,1.0
1.0,1.0,1.0
1.0,1.0,0.0
1.0,1.0,0.0
1.0,1.0,1.0
0.0,1.0,1.0
1.0,1.0,0.0
1.0,0.0,1.0
0.0,0.0,1.0
1.0,0.0,1.0
1.0,0.0,0.0
1.0,0.0,0.0
1.0,1.0,1.0
1.0,1.0,1.0
1.0,1.0,1.0
1.0,1.0,0.0
1.0,1.0,1.0
1.0,1.0,1.0
1.0,1.0,1.0
1.0,1.0,1.0
1.0,1.0,1.0
1.0,1.0,1.0
1.0,1.0,1.0
1.0,1.0,1.0
1.0,1.0,1.0
1.0,1.0,1.0
1.0,1.0,1.0
1.0,1.0,1.0
1.0,1.0,1.0
1.0,1.0,0.0
1.0,1.0,1.0
1.0,1.0,1.0
1.0,1.0,0.0
1.0,1.0,1.0
1.0,1.0,1.0
1.0,1.0,1.0
1.0,1.0,0.0
1.0,1.0,0.0
1.0,1.0,1.0
1.0,1.0,1.0
1.0,1.0,1.0
0.0,1.0,1.0
1.0,1.0,1.0
0.0,1.0,1.0
0.0,1.0,1.0
0.0,1.0,1.0
0.0,1.0,0.0
0.0,1.0,1.0
0.0,1.0,1.0
0.0,1.0,1.0
0.0,1.0,1.0
0.0,1.0,1.0
1.0,1.0,1.0
1.0,1.0,1.0
1.0,1.0,1.0
1.0,1.0,1.0
1.0,1.0,1.0
1.0,1.0,1.0
1.0,1.0,1.0
1.0,1.0,1.0
1.0,1.0,1.0
0.0,1.0,1.0
0.0,1.0,1.0
0.0,1.0,0.0
0.0,0.0,1.0
0.0,0.0,1.0
0.0,0.0,1.0
1.0,0.0,1.0
1.0,0.0,1.0
1.0,0.0,1.0
1.0,0.0,1.0
1.0,0.0,1.0
1.0,0.0,1.0
1.0,0.0,1.0
1.0,0.0,1.0
1.0,0.0,1.0
1.0,0.0,1.0
1.0,0.0,1.0
0.0,0.0,1.0
0.0,0.0,1.0
0.0,0.0,1.0
0.0,0.0,1.0
0.0,0.0,1.0
0.0,1.0,1.0
0.0,1.0,0.0
0.0,0.0,0.0
0.0,1.0,1.0
0.0,1.0,1.0
0.0,1.0,0.0
0.0,1.0,1.0
0.0,1.0,1.0
0.0,1.0,1.0
0.0,1.0,1.0
0.0,1.0,0.0
0.0,1.0,1.0
0.0,1.0,1.0
0.0,1.0,0.0
0.0,1.0,0.0
0.0,1.0,1.0
0.0,1.0,1.0
0.0,0.0,1.0
0.0,0.0,1.0
0.0,0.0,0.0
1.0,1.0,1.0
1.0,1.0,0.0
1.0,1.0,0.0
1.0,1.0,0.0
1.0,1.0,1.0
1.0,1.0,1.0
1.0,1.0,1.0
1.0,1.0,0.0
1.0,1.0,1.0
1.0,1.0,1.0
1.0,1.0,1.0
1.0,1.0,0.0
1.0,1.0,1.0
1.0,1.0,1.0
1.0,1.0,1.0
1.0,1.0,1.0
0.0,1.0,0.0
0.0,1.0,1.0
0.0,1.0,1.0
0.0,1.0,0.0
0.0,1.0,0.0
0.0,1.0,1.0
0.0,1.0,1.0
0.0,1.0,1.0
0.0,1.0,1.0
0.0,1.0,0.0
0.0,1.0,1.0
0.0,1.0,1.0
0.0,0.0,0.0
0.0,0.0,1.0
0.0,0.0,1.0
1.0,0.0,0.0
0.0,0.0,1.0
1.0,0.0,0.0
1.0,0.0,0.0
1.0,0.0,1.0
1.0,0.0,1.0
1.0,0.0,0.0
1.0,0.0,1.0
1.0,0.0,1.0
1.0,0.0,1.0
1.0,0.0,1.0
1.0,0.0,0.0
1.0,0.0,1.0
0.0,0.0,1.0
0.0,0.0,0.0
0.0,0.0,0.0
0.0,1.0,1.0
0.0,1.0,1.0
1.0,0.0,1.0
0.0,0.0,1.0
1.0,0.0,0.0
1.0,0.0,1.0
1.0,1.0,1.0
1.0,0.0,0.0
1.0,0.0,0.0
1.0,0.0,1.0
1.0,0.0,1.0
1.0,0.0,1.0
1.0,0.0,0.0
1.0,0.0,0.0
1.0,0.0,1.0
1.0,0.0,1.0
1.0,0.0,1.0
0.0,0.0,1.0
1.0,0.0,1.0
1.0,0.0,1.0
0.0,0.0,1.0
0.0,0.0,0.0
0.0,0.0,1.0
0.0,0.0,1.0
0.0,0.0,0.0
0.0,0.0,0.0
0.0,0.0,1.0
0.0,0.0,1.0
0.0,0.0,1.0
0.0,0.0,0.0
0.0,0.0,0.0
0.0,0.0,1.0
0.0,0.0,1.0
0.0,0.0,0.0
0.0,0.0,1.0
0.0,0.0,1.0
0.0,0.0,1.0
0.0,0.0,1.0
0.0,0.0,0.0
0.0,0.0,1.0
0.0,0.0,1.0
0.0,0.0,1.0
0.0,0.0,0.0
0.0,0.0,1.0
0.0,0.0,1.0
0.0,0.0,1.0
0.0,0.0,1.0
0.0,0.0,0.0
0.0,0.0,1.0
0.0,0.0,1.0
0.0,0.0,0.0
0.0,0.0,1.0
0.0,0.0,1.0
0.0,0.0,1.0
0.0,0.0,1.0
0.0,0.0,0.0
0.0,0.0,1.0
0.0,0.0,1.0
0.0,0.0,1.0
0.0,0.0,1.0
0.0,0.0,1.0
0.0,0.0,1.0
0.0,0.0,1.0
0.0,0.0,1.0
1.0,0.0,1.0
1.0,0.0,1.0
1.0,0.0,1.0
1.0,0.0,1.0
1.0,0.0,1.0
1.0,0.0,1.0
1.0,0.0,1.0
1.0,0.0,1.0
1.0,0.0,0.0
1.0,0.0,0.0
1.0,0.0,1.0
0.0,1.0,0.0
0.0,1.0,0.0
0.0,1.0,1.0
0.0,1.0,0.0
0.0,1.0,1.0
1.0,1.0,1.0
1.0,1.0,1.0
0.0,1.0,1.0
0.0,1.0,1.0
0.0,1.0,1.0
0.0,1.0,0.0
0.0,1.0,1.0
0.0,1.0,1.0
0.0,1.0,1.0
0.0,1.0,1.0
0.0,1.0,1.0
1.0,1.0,1.0
1.0,1.0,0.0
1.0,1.0,0.0
1.0,1.0,0.0
0.0,1.0,1.0
0.0,1.0,0.0
0.0,1.0,1.0
0.0,1.0,0.0
0.0,1.0,1.0
0.0,1.0,1.0
0.0,1.0,0.0
0.0,1.0,0.0
0.0,1.0,0.0
1.0,1.0,0.0
1.0,1.0,0.0
1.0,1.0,1.0
1.0,1.0,0.0
1.0,0.0,1.0
1.0,0.0,0.0
1.0,0.0,1.0
1.0,0.0,1.0
1.0,1.0,1.0
